,run_id,index,zmq_version,benchmark_type,helics_version_string,helics_version,zmq_version_string,path,compiler_info_string,generator,system,system_version,platform,cxx_compiler,cxx_compiler_version,build_flags_string,host_processor,host_processor_string,date,host_name,num_cpus,mhz_per_cpu,cpu_scaling_enabled,load_avg,library_build_type,type,level,size,num_sharing,filter_location,iterations,repetition_index,repetitions,run_type,threads,time_unit
0,1RRf0,35802,4.3.2,key,2.4.1-develop-gf9440720 (2020-03-20),2.4.1, ZMQ v4.3.2,C:\Users\barn553\Documents\helics_benchmark_results\benchmark_results\2020-03-20,Unix Makefiles  Linux-4.15.0-1052-aws:GNU-9.2.1,Unix Makefiles,Linux,4.15.0-1052-aws:,,GNU,9.2.1,  -O3 -DNDEBUG  $<$<COMPILE_LANGUAGE:CXX>:-std=c++14>,x86_64,Intel(R) Xeon(R) Platinum 8124M CPU @ 3.00GHz,2020-03-20 09:28:11,4cd98bc2937d,36,3364,False,"[10.37, 12.1, 15.08]",debug,Unified,3,25344000000,36,nan,1,0,0,iteration,1,s
1,1mZZe,35316,4.3.2,key,2.4.0-develop-ge5c3ab6a-dirty (2020-02-23),2.4.0, ZMQ v4.3.2,C:\Users\barn553\Documents\helics_benchmark_results\benchmark_results\2020-02-23,Unix Makefiles  Linux-4.15.0-1052-aws:GNU-9.2.1,Unix Makefiles,Linux,4.15.0-1052-aws:,,GNU,9.2.1,  -O3 -DNDEBUG  $<$<COMPILE_LANGUAGE:CXX>:-std=c++14>,x86_64,Intel(R) Xeon(R) Platinum 8124M CPU @ 3.00GHz,2020-02-23 09:20:04,bf2086b03df7,36,3342,False,"[24.67, 25.68, 24.17]",debug,Unified,3,25344000000,36,nan,1,0,0,iteration,1,s
2,2y488,18021,4.3.2,key,2.3.1-develop-g807f55eb (2019-12-01),2.3.1, ZMQ v4.3.2,C:\Users\barn553\Documents\helics_benchmark_results\benchmark_results\2019-12-01,Unix Makefiles  Linux-4.15.0-1052-aws:GNU-9.2.1,Unix Makefiles,Linux,4.15.0-1052-aws:,,GNU,9.2.1,  -O3 -DNDEBUG  $<$<COMPILE_LANGUAGE:CXX>:-std=c++14>,x86_64,Intel(R) Xeon(R) Platinum 8124M CPU @ 3.00GHz,2019-12-01 09:24:49,93497bbe2b27,36,3399,False,"[20.81, 20.94, 25.27]",debug,Unified,2,1024000000,2,nan,1,0,0,iteration,1,s
3,3nJ8Q,35574,4.3.2,key,2.4.1-develop-gb4306083 (2020-03-15),2.4.1, ZMQ v4.3.2,C:\Users\barn553\Documents\helics_benchmark_results\benchmark_results\2020-03-15,Unix Makefiles  Linux-4.15.0-1052-aws:GNU-9.2.1,Unix Makefiles,Linux,4.15.0-1052-aws:,,GNU,9.2.1,  -O3 -DNDEBUG  $<$<COMPILE_LANGUAGE:CXX>:-std=c++14>,x86_64,Intel(R) Xeon(R) Platinum 8124M CPU @ 3.00GHz,2020-03-15 09:23:57,d3132b85b85c,36,3359,False,"[3.94, 4.38, 4.26]",debug,Data,1,32000000,2,nan,1,0,0,iteration,1,s
4,4jbrR,38914,4.3.2,key,2.5.0-develop-g7d965585 (2020-04-17),2.5.0, ZMQ v4.3.2,C:\Users\barn553\Documents\helics_benchmark_results\benchmark_results\2020-04-17,Unix Makefiles  Linux-4.15.0-1052-aws:GNU-9.2.1,Unix Makefiles,Linux,4.15.0-1052-aws:,,GNU,9.2.1,  -O3 -DNDEBUG  $<$<COMPILE_LANGUAGE:CXX>:-std=c++14>,x86_64,Intel(R) Xeon(R) Platinum 8124M CPU @ 3.00GHz,2020-04-17 09:28:54,8f946ee2fd4f,36,3341,False,"[7.22, 9.46, 14.21]",debug,Data,1,32000000,2,nan,1,0,0,iteration,1,s
5,5y6D4,34803,4.3.2,key,2.3.1-develop-gb87a2e0f (2020-01-17),2.3.1, ZMQ v4.3.2,C:\Users\barn553\Documents\helics_benchmark_results\benchmark_results\2020-01-17,Unix Makefiles  Linux-4.15.0-1052-aws:GNU-9.2.1,Unix Makefiles,Linux,4.15.0-1052-aws:,,GNU,9.2.1,  -O3 -DNDEBUG  $<$<COMPILE_LANGUAGE:CXX>:-std=c++14>,x86_64,Intel(R) Xeon(R) Platinum 8124M CPU @ 3.00GHz,2020-01-17 09:28:31,194155fa2f52,36,3394,False,"[14.33, 14.3, 17.3]",debug,Instruction,1,32000000,2,nan,1,0,0,iteration,1,s
6,6GibT,24877,4.3.2,key,2.3.1-develop-gb668f894 (2019-12-08),2.3.1, ZMQ v4.3.2,C:\Users\barn553\Documents\helics_benchmark_results\benchmark_results\2019-12-08,Unix Makefiles  Linux-4.15.0-1052-aws:GNU-9.2.1,Unix Makefiles,Linux,4.15.0-1052-aws:,,GNU,9.2.1,  -O3 -DNDEBUG  $<$<COMPILE_LANGUAGE:CXX>:-std=c++14>,x86_64,Intel(R) Xeon(R) Platinum 8124M CPU @ 3.00GHz,2019-12-08 09:18:44,707102a26e83,36,3388,False,"[4.93, 4.96, 5.22]",debug,Unified,2,1024000000,2,nan,1,0,0,iteration,1,s
7,6llYG,59501,4.3.2,key,2.5.2-develop-g48f6d14a (2020-06-19),2.5.2, ZMQ v4.3.2,C:\Users\barn553\Documents\helics_benchmark_results\benchmark_results\2020-06-19,Unix Makefiles  Linux-4.15.0-1067-aws:GNU-9.3.0,Unix Makefiles,Linux,4.15.0-1067-aws:,,GNU,9.3.0,  -O3 -DNDEBUG  $<$<COMPILE_LANGUAGE:CXX>:-std=c++14>,x86_64,Intel(R) Xeon(R) Platinum 8124M CPU @ 3.00GHz,2020-06-19 09:24:59,ef765a89fd03,36,3400,False,"[13.47, 17.99, 21.68]",debug,Unified,3,25344000000,36,nan,1,0,0,iteration,1,s
8,6rplN,51764,4.3.2,key,2.5.0-develop-g4e995dea (2020-05-08),2.5.0, ZMQ v4.3.2,C:\Users\barn553\Documents\helics_benchmark_results\benchmark_results\2020-05-08,Unix Makefiles  Linux-4.15.0-1052-aws:GNU-9.3.0,Unix Makefiles,Linux,4.15.0-1052-aws:,,GNU,9.3.0,  -O3 -DNDEBUG  $<$<COMPILE_LANGUAGE:CXX>:-std=c++14>,x86_64,Intel(R) Xeon(R) Platinum 8124M CPU @ 3.00GHz,2020-05-08 09:20:40,fe73309c55b6,36,3373,False,"[16.32, 17.25, 16.95]",debug,Instruction,1,32000000,2,nan,1,0,0,iteration,1,s
9,8xgzi,38842,4.3.2,key,2.4.2-develop-g0a92a700 (2020-04-14),2.4.2, ZMQ v4.3.2,C:\Users\barn553\Documents\helics_benchmark_results\benchmark_results\2020-04-14,Unix Makefiles  Linux-4.15.0-1052-aws:GNU-9.2.1,Unix Makefiles,Linux,4.15.0-1052-aws:,,GNU,9.2.1,  -O3 -DNDEBUG  $<$<COMPILE_LANGUAGE:CXX>:-std=c++14>,x86_64,Intel(R) Xeon(R) Platinum 8124M CPU @ 3.00GHz,2020-04-14 09:20:53,cd45a5b39807,36,3400,False,"[32.82, 35.31, 33.35]",debug,Instruction,1,32000000,2,nan,1,0,0,iteration,1,s
10,BthBH,28766,4.3.2,key,2.3.1-develop-g2ab6cea6-dirty (2020-01-07),2.3.1, ZMQ v4.3.2,C:\Users\barn553\Documents\helics_benchmark_results\benchmark_results\2020-01-07,Unix Makefiles  Linux-4.15.0-1052-aws:GNU-9.2.1,Unix Makefiles,Linux,4.15.0-1052-aws:,,GNU,9.2.1,  -O3 -DNDEBUG  $<$<COMPILE_LANGUAGE:CXX>:-std=c++14>,x86_64,Intel(R) Xeon(R) Platinum 8124M CPU @ 3.00GHz,2020-01-07 09:28:35,b8cbbec039c0,36,3399,False,"[21.58, 15.7, 10.54]",debug,Data,1,32000000,2,nan,1,0,0,iteration,1,s
11,C5EKi,27836,4.3.2,key,2.3.1-timing_benchmarks-gca98d51d-dirty (2019-12-18),2.3.1, ZMQ v4.3.2,C:\Users\barn553\Documents\helics_benchmark_results\benchmark_results\2019-12-18,Visual Studio 15 2017 x64 Windows-10.0.17763:MSVC-19.12.25835.0,Visual Studio 15 2017,Windows,10.0.17763,x64,MSVC,19.12.25835.0, /DWIN32 /D_WINDOWS /W3 /GR /EHsc /MD /O2 /Ob2 /DNDEBUG /machine:x64 /EHsc;/std:c++14,AMD64,Intel(R) Xeon(R) CPU E5-1620 v3 @ 3.50GHz,2019-12-18 14:44:30,STEADMAN,8,3492,False,[],release,Instruction,1,32768000,2,nan,1,0,0,iteration,1,s
12,FDxov,52071,4.3.2,key,2.5.0-develop-g3830ba9b (2020-05-15),2.5.0, ZMQ v4.3.2,C:\Users\barn553\Documents\helics_benchmark_results\benchmark_results\2020-05-15,Unix Makefiles  Linux-4.15.0-1052-aws:GNU-9.3.0,Unix Makefiles,Linux,4.15.0-1052-aws:,,GNU,9.3.0,  -O3 -DNDEBUG  $<$<COMPILE_LANGUAGE:CXX>:-std=c++14>,x86_64,Intel(R) Xeon(R) Platinum 8124M CPU @ 3.00GHz,2020-05-15 09:29:38,de44a44f4bf9,36,3404,False,"[23.14, 18.39, 22.09]",debug,Data,1,32000000,2,nan,1,0,0,iteration,1,s
13,HHVqr,24929,4.3.2,key,2.3.1-develop-g283b76c1 (2019-12-10),2.3.1, ZMQ v4.3.2,C:\Users\barn553\Documents\helics_benchmark_results\benchmark_results\2019-12-10,Unix Makefiles  Linux-4.15.0-1052-aws:GNU-9.2.1,Unix Makefiles,Linux,4.15.0-1052-aws:,,GNU,9.2.1,  -O3 -DNDEBUG  $<$<COMPILE_LANGUAGE:CXX>:-std=c++14>,x86_64,Intel(R) Xeon(R) Platinum 8124M CPU @ 3.00GHz,2019-12-10 09:24:31,76c73be6f872,36,3400,False,"[20.01, 15.87, 14.96]",debug,Unified,2,1024000000,2,nan,1,0,0,iteration,1,s
14,JJlAx,59386,4.3.2,key,2.5.2-develop-g48f6d14a (2020-06-16),2.5.2, ZMQ v4.3.2,C:\Users\barn553\Documents\helics_benchmark_results\benchmark_results\2020-06-16,Unix Makefiles  Linux-4.15.0-1067-aws:GNU-9.3.0,Unix Makefiles,Linux,4.15.0-1067-aws:,,GNU,9.3.0,  -O3 -DNDEBUG  $<$<COMPILE_LANGUAGE:CXX>:-std=c++14>,x86_64,Intel(R) Xeon(R) Platinum 8124M CPU @ 3.00GHz,2020-06-16 09:24:53,361cbf368476,36,3300,False,"[19.07, 14.79, 14.47]",debug,Unified,3,25344000000,36,nan,1,0,0,iteration,1,s
15,KQmXa,41185,4.3.2,key,2.5.0-develop-g644b71a2 (2020-04-21),2.5.0, ZMQ v4.3.2,C:\Users\barn553\Documents\helics_benchmark_results\benchmark_results\2020-04-21,Unix Makefiles  Linux-4.15.0-1052-aws:GNU-9.2.1,Unix Makefiles,Linux,4.15.0-1052-aws:,,GNU,9.2.1,  -O3 -DNDEBUG  $<$<COMPILE_LANGUAGE:CXX>:-std=c++14>,x86_64,Intel(R) Xeon(R) Platinum 8124M CPU @ 3.00GHz,2020-04-21 09:19:53,cebe2a4b92cb,36,3397,False,"[17.31, 13.71, 12.27]",debug,Instruction,1,32000000,2,nan,1,0,0,iteration,1,s
16,MNSrO,35063,4.3.2,key,2.3.1-develop-geb898f47 (2020-01-24),2.3.1, ZMQ v4.3.2,C:\Users\barn553\Documents\helics_benchmark_results\benchmark_results\2020-01-24,Unix Makefiles  Linux-4.15.0-1052-aws:GNU-9.2.1,Unix Makefiles,Linux,4.15.0-1052-aws:,,GNU,9.2.1,  -O3 -DNDEBUG  $<$<COMPILE_LANGUAGE:CXX>:-std=c++14>,x86_64,Intel(R) Xeon(R) Platinum 8124M CPU @ 3.00GHz,2020-01-24 09:19:45,44a5ed61426c,36,3400,False,"[44.76, 21.56, 16.74]",debug,Data,1,32000000,2,nan,1,0,0,iteration,1,s
17,MZhy4,35839,4.3.1,key,2.4.1-develop-g805f0784 (2020-03-25),2.4.1, ZMQ v4.3.1,C:\Users\barn553\Documents\helics_benchmark_results\benchmark_results\2020-03-25,Unix Makefiles  Linux-4.19.97-v7l+:GNU-8.3.0,Unix Makefiles,Linux,4.19.97-v7l+:,,GNU,8.3.0, -latomic -O3 -DNDEBUG  $<$<COMPILE_LANGUAGE:CXX>:-std=c++14>,armv7l,ARMv7 Processor rev 3 (v7l),2020-03-25 17:05:44,raspberrypi,4,1500,True,"[6.13, 1.88, 1.41]",debug,,,,,nan,1,0,0,iteration,1,s
18,Md3vp,8516,4.3.2,key,2.3.1-benchmark_old_cmake-g1855105d-dirty (2019-11-28),2.3.1, ZMQ v4.3.2,C:\Users\barn553\Documents\helics_benchmark_results\benchmark_results\2019-11-28,Visual Studio 15 2017 Windows-10.0.18362:MSVC-19.16.27026.1,Visual Studio 15 2017,Windows,10.0.18362,,MSVC,19.16.27026.1, /DWIN32 /D_WINDOWS /W3 /GR /EHsc /MD /O2 /Ob2 /DNDEBUG /machine:x64 /EHsc;/std:c++14,AMD64,AMD Ryzen Threadripper 1950X 16-Core Processor,2019-11-28 07:45:58,SIRIUS,32,3394,False,[],release,Unified,3,8388608000,8,nan,1,0,0,iteration,1,s
19,Mjm3Q,52923,4.3.2,key,2.5.1-develop-gbcb9010b (2020-05-31),2.5.1, ZMQ v4.3.2,C:\Users\barn553\Documents\helics_benchmark_results\benchmark_results\2020-05-31,Unix Makefiles  Linux-4.15.0-1052-aws:GNU-9.3.0,Unix Makefiles,Linux,4.15.0-1052-aws:,,GNU,9.3.0,  -O3 -DNDEBUG  $<$<COMPILE_LANGUAGE:CXX>:-std=c++14>,x86_64,Intel(R) Xeon(R) Platinum 8124M CPU @ 3.00GHz,2020-05-31 09:21:23,bd423026f7bb,36,3300,False,"[38.77, 38.69, 37.67]",debug,Instruction,1,32000000,2,nan,1,0,0,iteration,1,s
20,NxQNi,53028,4.3.2,key,2.5.1-develop-g6bf1fc3d (2020-06-02),2.5.1, ZMQ v4.3.2,C:\Users\barn553\Documents\helics_benchmark_results\benchmark_results\2020-06-02,Unix Makefiles  Linux-5.3.0-1017-aws:GNU-9.3.0,Unix Makefiles,Linux,5.3.0-1017-aws:,,GNU,9.3.0,  -O3 -DNDEBUG  $<$<COMPILE_LANGUAGE:CXX>:-std=c++14>,x86_64,Intel(R) Xeon(R) Platinum 8124M CPU @ 3.00GHz,2020-06-02 09:21:58,a9435cde2838,36,3400,False,"[9.67, 11.99, 14.85]",debug,Unified,3,25344000000,36,nan,1,0,0,iteration,1,s
21,ProMi,28228,4.3.2,key,2.3.1-develop-g0f37a715 (2019-12-22),2.3.1, ZMQ v4.3.2,C:\Users\barn553\Documents\helics_benchmark_results\benchmark_results\2019-12-22,Unix Makefiles  Linux-4.15.0-1052-aws:GNU-9.2.1,Unix Makefiles,Linux,4.15.0-1052-aws:,,GNU,9.2.1,  -O3 -DNDEBUG  $<$<COMPILE_LANGUAGE:CXX>:-std=c++14>,x86_64,Intel(R) Xeon(R) Platinum 8124M CPU @ 3.00GHz,2019-12-22 09:28:30,9f5af56d8ba8,36,3374,False,"[5.3, 4.26, 4.91]",debug,Instruction,1,32000000,2,nan,1,0,0,iteration,1,s
22,Q58ye,59241,4.3.2,key,2.5.1-develop-g4a83bb10 (2020-06-14),2.5.1, ZMQ v4.3.2,C:\Users\barn553\Documents\helics_benchmark_results\benchmark_results\2020-06-14,Unix Makefiles  Linux-4.15.0-1067-aws:GNU-9.3.0,Unix Makefiles,Linux,4.15.0-1067-aws:,,GNU,9.3.0,  -O3 -DNDEBUG  $<$<COMPILE_LANGUAGE:CXX>:-std=c++14>,x86_64,Intel(R) Xeon(R) Platinum 8124M CPU @ 3.00GHz,2020-06-14 09:24:22,b286c6094de2,36,3387,False,"[6.85, 6.57, 7.06]",debug,Data,1,32000000,2,nan,1,0,0,iteration,1,s
23,WqE8i,23166,4.3.2,key,2.3.1-develop-g1a6e07c4 (2019-12-06),2.3.1, ZMQ v4.3.2,C:\Users\barn553\Documents\helics_benchmark_results\benchmark_results\2019-12-06,Unix Makefiles  Linux-4.15.0-1052-aws:GNU-9.2.1,Unix Makefiles,Linux,4.15.0-1052-aws:,,GNU,9.2.1,  -O3 -DNDEBUG  $<$<COMPILE_LANGUAGE:CXX>:-std=c++14>,x86_64,Intel(R) Xeon(R) Platinum 8124M CPU @ 3.00GHz,2019-12-06 09:24:52,a5e5a2887778,36,3399,False,"[17.55, 17.25, 16.64]",debug,Unified,2,1024000000,2,nan,1,0,0,iteration,1,s
24,XeHsb,10803,4.3.2,key,2.3.1-benchmark_old_cmake-g56c4e4a8 (2019-11-29),2.3.1, ZMQ v4.3.2,C:\Users\barn553\Documents\helics_benchmark_results\benchmark_results\2019-11-29,Unix Makefiles Linux-4.15.0-1052-aws:GNU-9.2.1,Unix Makefiles,Linux,4.15.0-1052-aws:,,GNU,9.2.1,  -O3 -DNDEBUG  $<$<COMPILE_LANGUAGE:CXX>:-std=c++14>,x86_64,Intel(R) Xeon(R) Platinum 8124M CPU @ 3.00GHz,2019-11-29 16:46:38,40f57f1403ef,36,3394,False,"[17.08, 17.01, 18.05]",debug,Unified,2,1024000000,2,nan,1,0,0,iteration,1,s
25,YhZdM,35915,4.3.2,key,2.4.1-develop-gd4187e78 (2020-03-27),2.4.1, ZMQ v4.3.2,C:\Users\barn553\Documents\helics_benchmark_results\benchmark_results\2020-03-27,Unix Makefiles  Linux-4.15.0-1052-aws:GNU-9.2.1,Unix Makefiles,Linux,4.15.0-1052-aws:,,GNU,9.2.1,  -O3 -DNDEBUG  $<$<COMPILE_LANGUAGE:CXX>:-std=c++14>,x86_64,Intel(R) Xeon(R) Platinum 8124M CPU @ 3.00GHz,2020-03-27 09:19:40,4f985902afbc,36,3400,False,"[23.3, 20.04, 15.22]",debug,Unified,2,1024000000,2,nan,1,0,0,iteration,1,s
26,YiHEF,10895,4.3.2,key,2.3.1-benchmark_old_cmake-g81522043 (2019-11-29),2.3.1, ZMQ v4.3.2,C:\Users\barn553\Documents\helics_benchmark_results\benchmark_results\2019-11-29,Unix Makefiles Linux-4.15.0-1052-aws:GNU-9.2.1,Unix Makefiles,Linux,4.15.0-1052-aws:,,GNU,9.2.1,  -O3 -DNDEBUG  $<$<COMPILE_LANGUAGE:CXX>:-std=c++14>,x86_64,Intel(R) Xeon(R) Platinum 8124M CPU @ 3.00GHz,2019-11-29 17:22:55,51a4833c3edd,36,3351,False,"[21.66, 28.62, 25.72]",debug,Unified,3,25344000000,36,nan,1,0,0,iteration,1,s
27,Z462W,28478,4.3.2,key,2.3.1-develop-gaf6fcbb1 (2019-12-27),2.3.1, ZMQ v4.3.2,C:\Users\barn553\Documents\helics_benchmark_results\benchmark_results\2019-12-27,Unix Makefiles  Linux-4.15.0-1052-aws:GNU-9.2.1,Unix Makefiles,Linux,4.15.0-1052-aws:,,GNU,9.2.1,  -O3 -DNDEBUG  $<$<COMPILE_LANGUAGE:CXX>:-std=c++14>,x86_64,Intel(R) Xeon(R) Platinum 8124M CPU @ 3.00GHz,2019-12-27 09:19:24,d239da474f07,36,3400,False,"[12.48, 11.13, 8.6]",debug,Unified,3,25344000000,36,nan,1,0,0,iteration,1,s
28,Z8vQ9,52426,4.3.2,key,2.5.0-develop-g01042290 (2020-05-22),2.5.0, ZMQ v4.3.2,C:\Users\barn553\Documents\helics_benchmark_results\benchmark_results\2020-05-22,Unix Makefiles  Linux-4.15.0-1052-aws:GNU-9.3.0,Unix Makefiles,Linux,4.15.0-1052-aws:,,GNU,9.3.0,  -O3 -DNDEBUG  $<$<COMPILE_LANGUAGE:CXX>:-std=c++14>,x86_64,Intel(R) Xeon(R) Platinum 8124M CPU @ 3.00GHz,2020-05-22 09:28:53,2bc6cdb48472,36,3399,False,"[15.21, 10.51, 10.25]",debug,Data,1,32000000,2,nan,1,0,0,iteration,1,s
29,Zu60n,19218,4.3.2,key,2.3.1-develop-g807f55eb (2019-12-02),2.3.1, ZMQ v4.3.2,C:\Users\barn553\Documents\helics_benchmark_results\benchmark_results\2019-12-02,Visual Studio 16 2019 x64 Windows-10.0.17763:MSVC-19.23.28106.4,Visual Studio 16 2019,Windows,10.0.17763,x64,MSVC,19.23.28106.4, /DWIN32 /D_WINDOWS /W3 /GR /EHsc /MD /O2 /Ob2 /DNDEBUG /machine:x64 /EHsc;/std:c++14,AMD64,Intel(R) Core(TM) i7-4712HQ CPU @ 2.30GHz,2019-12-02 10:09:13,HERSCHEL,8,2295,False,[],release,Unified,2,262144000,2,nan,1,0,0,iteration,1,s
30,au4lB,28695,4.3.2,key,2.3.1-develop-g5cf0a14e-dirty (2020-01-03),2.3.1, ZMQ v4.3.2,C:\Users\barn553\Documents\helics_benchmark_results\benchmark_results\2020-01-03,Unix Makefiles  Linux-4.15.0-1052-aws:GNU-9.2.1,Unix Makefiles,Linux,4.15.0-1052-aws:,,GNU,9.2.1,  -O3 -DNDEBUG  $<$<COMPILE_LANGUAGE:CXX>:-std=c++14>,x86_64,Intel(R) Xeon(R) Platinum 8124M CPU @ 3.00GHz,2020-01-03 09:19:18,9b9c28c4b3a7,36,3396,False,"[18.15, 16.46, 15.86]",debug,Instruction,1,32000000,2,nan,1,0,0,iteration,1,s
31,bL0YM,39093,4.3.2,key,2.5.0-develop-g7d965585 (2020-04-19),2.5.0, ZMQ v4.3.2,C:\Users\barn553\Documents\helics_benchmark_results\benchmark_results\2020-04-19,Unix Makefiles  Linux-4.15.0-1052-aws:GNU-9.2.1,Unix Makefiles,Linux,4.15.0-1052-aws:,,GNU,9.2.1,  -O3 -DNDEBUG  $<$<COMPILE_LANGUAGE:CXX>:-std=c++14>,x86_64,Intel(R) Xeon(R) Platinum 8124M CPU @ 3.00GHz,2020-04-19 09:28:16,161301bbd116,36,3305,False,"[14.8, 14.5, 14.93]",debug,Data,1,32000000,2,nan,1,0,0,iteration,1,s
32,bb71v,36521,4.3.2,key,2.4.2-develop-gcab10697 (2020-04-07),2.4.2, ZMQ v4.3.2,C:\Users\barn553\Documents\helics_benchmark_results\benchmark_results\2020-04-07,Unix Makefiles  Linux-4.15.0-1052-aws:GNU-9.2.1,Unix Makefiles,Linux,4.15.0-1052-aws:,,GNU,9.2.1,  -O3 -DNDEBUG  $<$<COMPILE_LANGUAGE:CXX>:-std=c++14>,x86_64,Intel(R) Xeon(R) Platinum 8124M CPU @ 3.00GHz,2020-04-07 09:28:12,e49bf18a5ee7,36,3364,False,"[2.82, 4.71, 10.07]",debug,Unified,2,1024000000,2,nan,1,0,0,iteration,1,s
33,ccxj7,27926,4.3.2,key,2.3.1-develop-g0f37a715-dirty (2019-12-20),2.3.1, ZMQ v4.3.2,C:\Users\barn553\Documents\helics_benchmark_results\benchmark_results\2019-12-20,Unix Makefiles  Darwin-18.7.0:AppleClang-10.0.0.10001145,Unix Makefiles,Darwin,18.7.0,,AppleClang,10.0.0.10001145,  -O3 -DNDEBUG  $<$<COMPILE_LANGUAGE:CXX>:-std=c++14>,x86_64,"Intel(R) Core(TM) i5-4278U CPU @ 2.60GHz ",2019-12-23 14:35:19,macdyn.llnl.gov,4,2600,False,"[4.54834, 1.88623, 0.786621]",release,Instruction,1,32768000,2,nan,1,0,0,iteration,1,s
34,d7mrQ,52381,4.3.2,key,2.5.0-develop-gcc5bbbc3 (2020-05-19),2.5.0, ZMQ v4.3.2,C:\Users\barn553\Documents\helics_benchmark_results\benchmark_results\2020-05-19,Unix Makefiles  Linux-4.15.0-1052-aws:GNU-9.3.0,Unix Makefiles,Linux,4.15.0-1052-aws:,,GNU,9.3.0,  -O3 -DNDEBUG  $<$<COMPILE_LANGUAGE:CXX>:-std=c++14>,x86_64,Intel(R) Xeon(R) Platinum 8124M CPU @ 3.00GHz,2020-05-19 09:29:32,6b1828d9886f,36,3400,False,"[25.65, 24.4, 20.87]",debug,Unified,2,1024000000,2,nan,1,0,0,iteration,1,s
35,dj6xi,59074,4.3.2,key,2.5.1-develop-g4a83bb10 (2020-06-12),2.5.1, ZMQ v4.3.2,C:\Users\barn553\Documents\helics_benchmark_results\benchmark_results\2020-06-12,Unix Makefiles  Linux-4.15.0-1067-aws:GNU-9.3.0,Unix Makefiles,Linux,4.15.0-1067-aws:,,GNU,9.3.0,  -O3 -DNDEBUG  $<$<COMPILE_LANGUAGE:CXX>:-std=c++14>,x86_64,Intel(R) Xeon(R) Platinum 8124M CPU @ 3.00GHz,2020-06-12 09:20:24,0ee40be9d3fa,36,3400,False,"[20.15, 26.32, 27.5]",debug,Data,1,32000000,2,nan,1,0,0,iteration,1,s
36,dkmwe,28084,4.3.2,key,2.3.1-toml11_conversion-gbb9385c6-dirty (2019-12-20),2.3.1, ZMQ v4.3.2,C:\Users\barn553\Documents\helics_benchmark_results\benchmark_results\2019-12-20,Visual Studio 15 2017 x64 Windows-10.0.18362:MSVC-19.16.27026.1,Visual Studio 15 2017,Windows,10.0.18362,x64,MSVC,19.16.27026.1, /DWIN32 /D_WINDOWS /W3 /GR /EHsc /MD /O2 /Ob2 /DNDEBUG /machine:x64 /EHsc;/std:c++14,AMD64,AMD Ryzen Threadripper 1950X 16-Core Processor,2019-12-20 04:33:13,SIRIUS,32,3394,False,[],debug,Unified,3,8388608000,8,nan,1,0,0,iteration,1,s
37,eCyrB,47622,4.3.2,key,2.5.0-develop-g2bf1e308 (2020-05-01),2.5.0, ZMQ v4.3.2,C:\Users\barn553\Documents\helics_benchmark_results\benchmark_results\2020-05-01,Unix Makefiles  Linux-4.15.0-1052-aws:GNU-9.3.0,Unix Makefiles,Linux,4.15.0-1052-aws:,,GNU,9.3.0,  -O3 -DNDEBUG  $<$<COMPILE_LANGUAGE:CXX>:-std=c++14>,x86_64,Intel(R) Xeon(R) Platinum 8124M CPU @ 3.00GHz,2020-05-01 09:29:52,fdaad73053dc,36,3305,False,"[44.08, 34.22, 21.28]",debug,Instruction,1,32000000,2,nan,1,0,0,iteration,1,s
38,eIYzJ,25186,4.3.2,key,2.3.1-develop-g8c703ff6 (2019-12-15),2.3.1, ZMQ v4.3.2,C:\Users\barn553\Documents\helics_benchmark_results\benchmark_results\2019-12-15,Unix Makefiles  Linux-4.15.0-1052-aws:GNU-9.2.1,Unix Makefiles,Linux,4.15.0-1052-aws:,,GNU,9.2.1,  -O3 -DNDEBUG  $<$<COMPILE_LANGUAGE:CXX>:-std=c++14>,x86_64,Intel(R) Xeon(R) Platinum 8124M CPU @ 3.00GHz,2019-12-15 09:24:41,ba21fce76c41,36,3404,False,"[16.34, 14.91, 15.4]",debug,Unified,3,25344000000,36,nan,1,0,0,iteration,1,s
39,esIjh,43494,4.3.2,key,2.5.0-develop-g261c7704 (2020-04-28),2.5.0, ZMQ v4.3.2,C:\Users\barn553\Documents\helics_benchmark_results\benchmark_results\2020-04-28,Unix Makefiles  Linux-4.15.0-1052-aws:GNU-9.2.1,Unix Makefiles,Linux,4.15.0-1052-aws:,,GNU,9.2.1,  -O3 -DNDEBUG  $<$<COMPILE_LANGUAGE:CXX>:-std=c++14>,x86_64,Intel(R) Xeon(R) Platinum 8124M CPU @ 3.00GHz,2020-04-28 09:28:43,ae2594cab4f9,36,3400,False,"[10.55, 11.3, 15.14]",debug,Data,1,32000000,2,nan,1,0,0,iteration,1,s
40,fPA4e,43263,4.3.2,key,2.5.0-develop-g8dbb8f6c (2020-04-24),2.5.0, ZMQ v4.3.2,C:\Users\barn553\Documents\helics_benchmark_results\benchmark_results\2020-04-24,Unix Makefiles  Linux-4.15.0-1052-aws:GNU-9.2.1,Unix Makefiles,Linux,4.15.0-1052-aws:,,GNU,9.2.1,  -O3 -DNDEBUG  $<$<COMPILE_LANGUAGE:CXX>:-std=c++14>,x86_64,Intel(R) Xeon(R) Platinum 8124M CPU @ 3.00GHz,2020-04-24 09:29:40,f1a4541839e2,36,3400,False,"[16.39, 13.61, 16.53]",debug,Data,1,32000000,2,nan,1,0,0,iteration,1,s
41,fYcDU,52575,4.3.2,key,2.5.0-develop-g01042290 (2020-05-24),2.5.0, ZMQ v4.3.2,C:\Users\barn553\Documents\helics_benchmark_results\benchmark_results\2020-05-24,Unix Makefiles  Linux-4.15.0-1052-aws:GNU-9.3.0,Unix Makefiles,Linux,4.15.0-1052-aws:,,GNU,9.3.0,  -O3 -DNDEBUG  $<$<COMPILE_LANGUAGE:CXX>:-std=c++14>,x86_64,Intel(R) Xeon(R) Platinum 8124M CPU @ 3.00GHz,2020-05-24 09:19:59,94298ae9419e,36,3400,False,"[15.49, 10, 7.69]",debug,Instruction,1,32000000,2,nan,1,0,0,iteration,1,s
42,fwMnV,35435,4.3.2,key,2.4.1-develop-gfae7ecff (2020-03-13),2.4.1, ZMQ v4.3.2,C:\Users\barn553\Documents\helics_benchmark_results\benchmark_results\2020-03-13,Unix Makefiles  Linux-4.15.0-1052-aws:GNU-9.2.1,Unix Makefiles,Linux,4.15.0-1052-aws:,,GNU,9.2.1,  -O3 -DNDEBUG  $<$<COMPILE_LANGUAGE:CXX>:-std=c++14>,x86_64,Intel(R) Xeon(R) Platinum 8124M CPU @ 3.00GHz,2020-03-13 09:19:40,2e02eb7f7ade,36,3400,False,"[18.66, 20.35, 21.78]",debug,Unified,3,25344000000,36,nan,1,0,0,iteration,1,s
43,gWR7V,52026,4.3.2,key,2.5.0-develop-g5938d22f (2020-05-12),2.5.0, ZMQ v4.3.2,C:\Users\barn553\Documents\helics_benchmark_results\benchmark_results\2020-05-12,Unix Makefiles  Linux-4.15.0-1052-aws:GNU-9.3.0,Unix Makefiles,Linux,4.15.0-1052-aws:,,GNU,9.3.0,  -O3 -DNDEBUG  $<$<COMPILE_LANGUAGE:CXX>:-std=c++14>,x86_64,Intel(R) Xeon(R) Platinum 8124M CPU @ 3.00GHz,2020-05-12 09:29:12,e0a4a6877908,36,3400,False,"[21.21, 20.1, 18.79]",debug,Instruction,1,32000000,2,nan,1,0,0,iteration,1,s
44,gtz4v,38763,4.3.2,key,2.4.2-develop-g27e2216b (2020-04-12),2.4.2, ZMQ v4.3.2,C:\Users\barn553\Documents\helics_benchmark_results\benchmark_results\2020-04-12,Unix Makefiles  Linux-4.15.0-1052-aws:GNU-9.2.1,Unix Makefiles,Linux,4.15.0-1052-aws:,,GNU,9.2.1,  -O3 -DNDEBUG  $<$<COMPILE_LANGUAGE:CXX>:-std=c++14>,x86_64,Intel(R) Xeon(R) Platinum 8124M CPU @ 3.00GHz,2020-04-12 09:25:11,6b74df6ab476,36,3400,False,"[22.86, 20.03, 19.92]",debug,Data,1,32000000,2,nan,1,0,0,iteration,1,s
45,i3W4s,43416,4.3.2,key,2.5.0-develop-g6ede709e (2020-04-26),2.5.0, ZMQ v4.3.2,C:\Users\barn553\Documents\helics_benchmark_results\benchmark_results\2020-04-26,Unix Makefiles  Linux-4.15.0-1052-aws:GNU-9.2.1,Unix Makefiles,Linux,4.15.0-1052-aws:,,GNU,9.2.1,  -O3 -DNDEBUG  $<$<COMPILE_LANGUAGE:CXX>:-std=c++14>,x86_64,Intel(R) Xeon(R) Platinum 8124M CPU @ 3.00GHz,2020-04-26 09:19:33,b81273ccc3d7,36,3398,False,"[7.96, 7.5, 9.25]",debug,Instruction,1,32000000,2,nan,1,0,0,iteration,1,s
46,kKRb9,25041,4.1.5,key,2.3.1 (2019-11-22),2.3.1 (2019, ZMQ v4.1.5,C:\Users\barn553\Documents\helics_benchmark_results\benchmark_results\2019-12-12,Unix Makefiles  Linux-4.14.0-115.10.1.1chaos.ch6a.ppc64le:GNU-4.9.3,Unix Makefiles,Linux,4.14.0-115.10.1.1chaos.ch6a.ppc64le:,,GNU,4.9.3,  -O3 -DNDEBUG  $<$<COMPILE_LANGUAGE:CXX>:-std=c++14>,ppc64le,,2019-12-12 15:31:55,lassen708,128,3800,True,"[4.35, 3.75, 3.28]",release,Instruction,1,32000000,4,nan,1,0,0,iteration,1,s
47,kkJWd,53121,4.3.2,key,2.5.1-develop-g80ecfd1e (2020-06-04),2.5.1, ZMQ v4.3.2,C:\Users\barn553\Documents\helics_benchmark_results\benchmark_results\2020-06-04,Visual Studio 16 2019 x64 Windows-10.0.17763:MSVC-19.26.28806.0,Visual Studio 16 2019,Windows,10.0.17763,x64,MSVC,19.26.28806.0, /DWIN32 /D_WINDOWS /GR /EHsc /arch:AVX512 /O2 /Ob2 /DNDEBUG  /machine:x64 /EHsc;/std:c++14,AMD64,Intel(R) Xeon(R) W-2295 CPU @ 3.00GHz,2020-06-04 19:13:08,LEAVITT,36,3000,False,[],release,Data,1,32768000,2,nan,1,0,0,iteration,1,s
48,ltYny,20890,4.3.2,key,2.3.1-develop-g807f55eb (2019-12-03),2.3.1, ZMQ v4.3.2,C:\Users\barn553\Documents\helics_benchmark_results\benchmark_results\2019-12-03,Unix Makefiles  Linux-4.15.0-1052-aws:GNU-9.2.1,Unix Makefiles,Linux,4.15.0-1052-aws:,,GNU,9.2.1,  -O3 -DNDEBUG  $<$<COMPILE_LANGUAGE:CXX>:-std=c++14>,x86_64,Intel(R) Xeon(R) Platinum 8124M CPU @ 3.00GHz,2019-12-03 09:24:55,f9ec907a825b,36,3400,False,"[10.69, 12.05, 12.62]",debug,Unified,3,25344000000,36,nan,1,0,0,iteration,1,s
49,mhK1x,36081,4.3.2,key,2.4.2-develop-gd9cd9e9a (2020-03-29),2.4.2, ZMQ v4.3.2,C:\Users\barn553\Documents\helics_benchmark_results\benchmark_results\2020-03-29,Unix Makefiles  Linux-4.15.0-1052-aws:GNU-9.2.1,Unix Makefiles,Linux,4.15.0-1052-aws:,,GNU,9.2.1,  -O3 -DNDEBUG  $<$<COMPILE_LANGUAGE:CXX>:-std=c++14>,x86_64,Intel(R) Xeon(R) Platinum 8124M CPU @ 3.00GHz,2020-03-29 09:24:16,0ef166351206,36,3224,False,"[4.86, 3.97, 4.25]",debug,Instruction,1,32000000,2,nan,1,0,0,iteration,1,s
50,oDrWX,51854,4.3.2,key,2.5.0-develop-g69b0020a (2020-05-10),2.5.0, ZMQ v4.3.2,C:\Users\barn553\Documents\helics_benchmark_results\benchmark_results\2020-05-10,Unix Makefiles  Linux-4.15.0-1052-aws:GNU-9.3.0,Unix Makefiles,Linux,4.15.0-1052-aws:,,GNU,9.3.0,  -O3 -DNDEBUG  $<$<COMPILE_LANGUAGE:CXX>:-std=c++14>,x86_64,Intel(R) Xeon(R) Platinum 8124M CPU @ 3.00GHz,2020-05-10 09:32:35,e570b9ba24f3,36,3400,False,"[65.58, 53.27, 52.11]",debug,Instruction,1,32000000,2,nan,1,0,0,iteration,1,s
51,p0Hov,36330,4.3.2,key,2.4.2-develop-gf4e0d5c8 (2020-04-03),2.4.2, ZMQ v4.3.2,C:\Users\barn553\Documents\helics_benchmark_results\benchmark_results\2020-04-03,Unix Makefiles  Linux-4.15.0-1052-aws:GNU-9.2.1,Unix Makefiles,Linux,4.15.0-1052-aws:,,GNU,9.2.1,  -O3 -DNDEBUG  $<$<COMPILE_LANGUAGE:CXX>:-std=c++14>,x86_64,Intel(R) Xeon(R) Platinum 8124M CPU @ 3.00GHz,2020-04-03 09:24:23,ec6058958e98,36,3400,False,"[24.94, 17.69, 16.47]",debug,Unified,3,25344000000,36,nan,1,0,0,iteration,1,s
52,pyvda,35693,4.3.2,key,2.4.1-develop-gb4306083 (2020-03-17),2.4.1, ZMQ v4.3.2,C:\Users\barn553\Documents\helics_benchmark_results\benchmark_results\2020-03-17,Unix Makefiles  Linux-4.15.0-1052-aws:GNU-9.2.1,Unix Makefiles,Linux,4.15.0-1052-aws:,,GNU,9.2.1,  -O3 -DNDEBUG  $<$<COMPILE_LANGUAGE:CXX>:-std=c++14>,x86_64,Intel(R) Xeon(R) Platinum 8124M CPU @ 3.00GHz,2020-03-17 09:24:01,e0d45831a90c,36,3125,False,"[1.24, 3.78, 8.11]",debug,Data,1,32000000,2,nan,1,0,0,iteration,1,s
53,qHH2x,28113,4.3.2,key,2.3.1-develop-g0f37a715-dirty (2019-12-20),2.3.1, ZMQ v4.3.2,C:\Users\barn553\Documents\helics_benchmark_results\benchmark_results\2019-12-20,Unix Makefiles  Linux-4.15.0-1052-aws:GNU-9.2.1,Unix Makefiles,Linux,4.15.0-1052-aws:,,GNU,9.2.1,  -O3 -DNDEBUG  $<$<COMPILE_LANGUAGE:CXX>:-std=c++14>,x86_64,Intel(R) Xeon(R) Platinum 8124M CPU @ 3.00GHz,2019-12-20 09:18:56,e3c410fd119d,36,3381,False,"[11.57, 13.89, 14.34]",debug,Data,1,32000000,2,nan,1,0,0,iteration,1,s
54,rVt4W,36424,4.3.2,key,2.4.2-develop-gf4e0d5c8 (2020-04-05),2.4.2, ZMQ v4.3.2,C:\Users\barn553\Documents\helics_benchmark_results\benchmark_results\2020-04-05,Unix Makefiles  Linux-4.15.0-1052-aws:GNU-9.2.1,Unix Makefiles,Linux,4.15.0-1052-aws:,,GNU,9.2.1,  -O3 -DNDEBUG  $<$<COMPILE_LANGUAGE:CXX>:-std=c++14>,x86_64,Intel(R) Xeon(R) Platinum 8124M CPU @ 3.00GHz,2020-04-05 09:24:57,0daa7b0665e2,36,3395,False,"[19.61, 20.63, 18.3]",debug,Instruction,1,32000000,2,nan,1,0,0,iteration,1,s
55,rdJee,27660,4.3.2,key,2.3.1-develop-gf7250f21-dirty (2019-12-17),2.3.1, ZMQ v4.3.2,C:\Users\barn553\Documents\helics_benchmark_results\benchmark_results\2019-12-17,Unix Makefiles  Linux-4.15.0-1052-aws:GNU-9.2.1,Unix Makefiles,Linux,4.15.0-1052-aws:,,GNU,9.2.1,  -O3 -DNDEBUG  $<$<COMPILE_LANGUAGE:CXX>:-std=c++14>,x86_64,Intel(R) Xeon(R) Platinum 8124M CPU @ 3.00GHz,2019-12-17 09:25:09,211302571c60,36,3400,False,"[18.25, 16.11, 16.28]",debug,Data,1,32000000,2,nan,1,0,0,iteration,1,s
56,sUlz3,59019,4.3.2,key,2.5.1-develop-g9aabfcfe (2020-06-09),2.5.1, ZMQ v4.3.2,C:\Users\barn553\Documents\helics_benchmark_results\benchmark_results\2020-06-09,Unix Makefiles  Linux-4.15.0-1067-aws:GNU-9.3.0,Unix Makefiles,Linux,4.15.0-1067-aws:,,GNU,9.3.0,  -O3 -DNDEBUG  $<$<COMPILE_LANGUAGE:CXX>:-std=c++14>,x86_64,Intel(R) Xeon(R) Platinum 8124M CPU @ 3.00GHz,2020-06-09 09:26:50,e920c879dcd9,36,3300,False,"[54.85, 55.61, 50.1]",debug,Instruction,1,32000000,2,nan,1,0,0,iteration,1,s
57,tOFE6,35017,4.3.2,key,2.3.1-develop-g69195600-dirty (2020-01-19),2.3.1, ZMQ v4.3.2,C:\Users\barn553\Documents\helics_benchmark_results\benchmark_results\2020-01-19,Unix Makefiles  Linux-4.15.0-1052-aws:GNU-9.2.1,Unix Makefiles,Linux,4.15.0-1052-aws:,,GNU,9.2.1,  -O3 -DNDEBUG  $<$<COMPILE_LANGUAGE:CXX>:-std=c++14>,x86_64,Intel(R) Xeon(R) Platinum 8124M CPU @ 3.00GHz,2020-01-19 09:24:07,47349f2129d5,36,3399,False,"[6.43, 6.91, 6.8]",debug,Unified,2,1024000000,2,nan,1,0,0,iteration,1,s
58,u7iTE,52834,4.3.2,key,2.5.1-develop-g6af681ba (2020-05-29),2.5.1, ZMQ v4.3.2,C:\Users\barn553\Documents\helics_benchmark_results\benchmark_results\2020-05-29,Unix Makefiles  Linux-4.15.0-1052-aws:GNU-9.3.0,Unix Makefiles,Linux,4.15.0-1052-aws:,,GNU,9.3.0,  -O3 -DNDEBUG  $<$<COMPILE_LANGUAGE:CXX>:-std=c++14>,x86_64,Intel(R) Xeon(R) Platinum 8124M CPU @ 3.00GHz,2020-05-29 09:28:22,5e092691d45b,36,3399,False,"[4.82, 4.32, 4.75]",debug,Data,1,32000000,2,nan,1,0,0,iteration,1,s
59,wSkK0,52214,4.3.2,key,2.5.0-develop-g7a56b96c (2020-05-17),2.5.0, ZMQ v4.3.2,C:\Users\barn553\Documents\helics_benchmark_results\benchmark_results\2020-05-17,Unix Makefiles  Linux-4.15.0-1052-aws:GNU-9.3.0,Unix Makefiles,Linux,4.15.0-1052-aws:,,GNU,9.3.0,  -O3 -DNDEBUG  $<$<COMPILE_LANGUAGE:CXX>:-std=c++14>,x86_64,Intel(R) Xeon(R) Platinum 8124M CPU @ 3.00GHz,2020-05-17 09:28:48,e65fe34056e1,36,3400,False,"[7.4, 5.72, 7.25]",debug,Unified,3,25344000000,36,nan,1,0,0,iteration,1,s
60,wUlLt,28571,4.3.2,key,2.3.1-develop-gaf6fcbb1-dirty (2019-12-31),2.3.1, ZMQ v4.3.2,C:\Users\barn553\Documents\helics_benchmark_results\benchmark_results\2019-12-31,Unix Makefiles  Linux-4.15.0-1052-aws:GNU-9.2.1,Unix Makefiles,Linux,4.15.0-1052-aws:,,GNU,9.2.1,  -O3 -DNDEBUG  $<$<COMPILE_LANGUAGE:CXX>:-std=c++14>,x86_64,Intel(R) Xeon(R) Platinum 8124M CPU @ 3.00GHz,2019-12-31 09:19:14,ad62d555d5a0,36,3402,False,"[12.53, 13.56, 13.25]",debug,Data,1,32000000,2,nan,1,0,0,iteration,1,s
61,wqCwi,52652,4.3.2,key,2.5.0-develop-g01042290 (2020-05-26),2.5.0, ZMQ v4.3.2,C:\Users\barn553\Documents\helics_benchmark_results\benchmark_results\2020-05-26,Unix Makefiles  Linux-4.15.0-1052-aws:GNU-9.3.0,Unix Makefiles,Linux,4.15.0-1052-aws:,,GNU,9.3.0,  -O3 -DNDEBUG  $<$<COMPILE_LANGUAGE:CXX>:-std=c++14>,x86_64,Intel(R) Xeon(R) Platinum 8124M CPU @ 3.00GHz,2020-05-26 09:29:28,90cfb2370121,36,3400,False,"[4.42, 7.34, 12.45]",debug,Data,1,32000000,2,nan,1,0,0,iteration,1,s
62,xcasO,58722,4.3.2,key,2.5.1-develop-g9decf97b (2020-06-05),2.5.1, ZMQ v4.3.2,C:\Users\barn553\Documents\helics_benchmark_results\benchmark_results\2020-06-05,Unix Makefiles  Linux-5.3.0-1019-aws:GNU-9.3.0,Unix Makefiles,Linux,5.3.0-1019-aws:,,GNU,9.3.0,  -O3 -DNDEBUG  $<$<COMPILE_LANGUAGE:CXX>:-std=c++14>,x86_64,Intel(R) Xeon(R) Platinum 8124M CPU @ 3.00GHz,2020-06-05 09:23:21,507502ea0a26,36,3304,False,"[22.83, 26.56, 26.46]",debug,Unified,3,25344000000,36,nan,1,0,0,iteration,1,s
63,y2xNk,25130,4.3.2,key,2.3.1-develop-gea0ad0bf-dirty (2019-12-13),2.3.1, ZMQ v4.3.2,C:\Users\barn553\Documents\helics_benchmark_results\benchmark_results\2019-12-13,Unix Makefiles  Linux-4.15.0-1052-aws:GNU-9.2.1,Unix Makefiles,Linux,4.15.0-1052-aws:,,GNU,9.2.1,  -O3 -DNDEBUG  $<$<COMPILE_LANGUAGE:CXX>:-std=c++14>,x86_64,Intel(R) Xeon(R) Platinum 8124M CPU @ 3.00GHz,2019-12-13 09:19:09,985cd4f35d18,36,3398,False,"[11.39, 11.03, 6.06]",debug,Unified,2,1024000000,2,nan,1,0,0,iteration,1,s
64,yUfl2,28346,4.3.2,key,2.3.1-develop-gaf6fcbb1-dirty (2019-12-24),2.3.1, ZMQ v4.3.2,C:\Users\barn553\Documents\helics_benchmark_results\benchmark_results\2019-12-24,Unix Makefiles  Linux-4.15.0-1052-aws:GNU-9.2.1,Unix Makefiles,Linux,4.15.0-1052-aws:,,GNU,9.2.1,  -O3 -DNDEBUG  $<$<COMPILE_LANGUAGE:CXX>:-std=c++14>,x86_64,Intel(R) Xeon(R) Platinum 8124M CPU @ 3.00GHz,2019-12-24 09:19:00,bc03621f574c,36,3400,False,"[11.17, 9.62, 8.2]",debug,Instruction,1,32000000,2,nan,1,0,0,iteration,1,s
65,yflat,35222,4.3.2,key,2.3.1-develop-g2dcd7267-dirty (2020-01-26),2.3.1, ZMQ v4.3.2,C:\Users\barn553\Documents\helics_benchmark_results\benchmark_results\2020-01-26,Unix Makefiles  Linux-4.15.0-1052-aws:GNU-9.2.1,Unix Makefiles,Linux,4.15.0-1052-aws:,,GNU,9.2.1,  -O3 -DNDEBUG  $<$<COMPILE_LANGUAGE:CXX>:-std=c++14>,x86_64,Intel(R) Xeon(R) Platinum 8124M CPU @ 3.00GHz,2020-01-26 09:28:22,d88ec6ddf569,36,3400,False,"[19.74, 18.99, 22.33]",debug,Unified,3,25344000000,36,nan,1,0,0,iteration,1,s
66,yvmb6,36207,4.3.2,key,2.4.2-develop-g1758ad95 (2020-03-31),2.4.2, ZMQ v4.3.2,C:\Users\barn553\Documents\helics_benchmark_results\benchmark_results\2020-03-31,Unix Makefiles  Linux-4.15.0-1052-aws:GNU-9.2.1,Unix Makefiles,Linux,4.15.0-1052-aws:,,GNU,9.2.1,  -O3 -DNDEBUG  $<$<COMPILE_LANGUAGE:CXX>:-std=c++14>,x86_64,Intel(R) Xeon(R) Platinum 8124M CPU @ 3.00GHz,2020-03-31 09:24:29,f38c5d425fbb,36,3400,False,"[19.1, 13.53, 11.57]",debug,Unified,3,25344000000,36,nan,1,0,0,iteration,1,s
67,yvu3F,36610,4.3.2,key,2.4.2-develop-ga0b71ccf (2020-04-10),2.4.2, ZMQ v4.3.2,C:\Users\barn553\Documents\helics_benchmark_results\benchmark_results\2020-04-10,Unix Makefiles  Linux-4.15.0-1052-aws:GNU-9.2.1,Unix Makefiles,Linux,4.15.0-1052-aws:,,GNU,9.2.1,  -O3 -DNDEBUG  $<$<COMPILE_LANGUAGE:CXX>:-std=c++14>,x86_64,Intel(R) Xeon(R) Platinum 8124M CPU @ 3.00GHz,2020-04-10 09:20:10,bde7c5bb4381,36,3391,False,"[17.82, 18.89, 13.39]",debug,Instruction,1,32000000,2,nan,1,0,0,iteration,1,s
68,zn3XF,58821,4.3.2,key,2.5.1-develop-gee554e8e (2020-06-07),2.5.1, ZMQ v4.3.2,C:\Users\barn553\Documents\helics_benchmark_results\benchmark_results\2020-06-07,Unix Makefiles  Linux-4.15.0-1067-aws:GNU-9.3.0,Unix Makefiles,Linux,4.15.0-1067-aws:,,GNU,9.3.0,  -O3 -DNDEBUG  $<$<COMPILE_LANGUAGE:CXX>:-std=c++14>,x86_64,Intel(R) Xeon(R) Platinum 8124M CPU @ 3.00GHz,2020-06-07 09:30:43,1eb250cefcec,36,3300,False,"[31.06, 21.92, 20.51]",debug,Instruction,1,32000000,2,nan,1,0,0,iteration,1,s
